question,answer,accuracy,relevance,conciseness,helpfulness,overall
Báo cáo tài chính BCTC bao gồm những phần chính nào?,"BCTC gồm bảng cân đối kế toán, báo cáo kết quả hoạt động kinh doanh, báo cáo lưu chuyển tiền tệ và thuyết minh báo cáo tài chính. Đồng thời, các quy định liên quan có thể được tìm thấy ở các văn bản pháp luật hoặc báo cáo tài chính chi tiết, áp dụng theo từng trường hợp cụ thể và phụ thuộc vào điều kiện hoàn cảnh.",5,4,3,3,3.75
Doanh thu thuần của công ty trong năm là bao nhiêu?,"Doanh thu thuần năm hiện tại đạt khoảng 1,250 tỷ đồng, tăng 12% so với cùng kỳ. Đồng thời, các quy định liên quan có thể được tìm thấy ở các văn bản pháp luật hoặc báo cáo tài chính chi tiết, áp dụng theo từng trường hợp cụ thể và phụ thuộc vào điều kiện hoàn cảnh.",4,5,1,4,3.5
Lợi nhuận sau thuế được tính như thế nào?,"Lợi nhuận sau thuế = Lợi nhuận trước thuế - Chi phí thuế thu nhập doanh nghiệp. Đồng thời, các quy định liên quan có thể được tìm thấy ở các văn bản pháp luật hoặc báo cáo tài chính chi tiết, áp dụng theo từng trường hợp cụ thể và phụ thuộc vào điều kiện hoàn cảnh.",3,5,2,3,3.25
Nghị định 13/2023 ban hành ngày nào?,"Nghị định 13/2023/NĐ-CP ban hành ngày 17/04/2023, có hiệu lực từ 01/07/2023. Đồng thời, các quy định liên quan có thể được tìm thấy ở các văn bản pháp luật hoặc báo cáo tài chính chi tiết, áp dụng theo từng trường hợp cụ thể và phụ thuộc vào điều kiện hoàn cảnh.",5,5,2,3,3.75
Dữ liệu cá nhân theo Nghị định 13 được định nghĩa thế nào?,"Dữ liệu cá nhân là thông tin dạng ký hiệu, chữ viết, chữ số, hình ảnh, âm thanh gắn liền với một cá nhân hoặc giúp xác định một cá nhân cụ thể. Đồng thời, các quy định liên quan có thể được tìm thấy ở các văn bản pháp luật hoặc báo cáo tài chính chi tiết, áp dụng theo từng trường hợp cụ thể và phụ thuộc vào điều kiện hoàn cảnh.",4,5,3,4,4.0
Có bao nhiêu loại dữ liệu cá nhân theo Nghị định 13?,"Có 2 loại: dữ liệu cá nhân cơ bản và dữ liệu cá nhân nhạy cảm. Đồng thời, các quy định liên quan có thể được tìm thấy ở các văn bản pháp luật hoặc báo cáo tài chính chi tiết, áp dụng theo từng trường hợp cụ thể và phụ thuộc vào điều kiện hoàn cảnh.",5,3,3,4,3.75
Dữ liệu cá nhân nhạy cảm bao gồm những gì?,"Dữ liệu nhạy cảm bao gồm: quan điểm chính trị, tình trạng sức khỏe, dữ liệu di truyền, dữ liệu sinh trắc học, tài chính, vị trí địa lý, quan điểm tôn giáo, tình trạng pháp lý và xu hướng giới tính. Đồng thời, các quy định liên quan có thể được tìm thấy ở các văn bản pháp luật hoặc báo cáo tài chính chi tiết, áp dụng theo từng trường hợp cụ thể và phụ thuộc vào điều kiện hoàn cảnh.",4,4,2,4,3.5
Quyền của chủ thể dữ liệu là gì?,"Chủ thể dữ liệu có quyền biết, đồng ý, truy cập, rút lại sự đồng ý, xóa, hạn chế, cung cấp, phản đối xử lý, khiếu nại, tố cáo, yêu cầu bồi thường thiệt hại và tự bảo vệ. Đồng thời, các quy định liên quan có thể được tìm thấy ở các văn bản pháp luật hoặc báo cáo tài chính chi tiết, áp dụng theo từng trường hợp cụ thể và phụ thuộc vào điều kiện hoàn cảnh.",4,4,3,4,3.75
Tài sản ngắn hạn bao gồm những khoản nào?,"Tài sản ngắn hạn gồm tiền và tương đương tiền, đầu tư ngắn hạn, khoản phải thu ngắn hạn, hàng tồn kho và tài sản ngắn hạn khác. Đồng thời, các quy định liên quan có thể được tìm thấy ở các văn bản pháp luật hoặc báo cáo tài chính chi tiết, áp dụng theo từng trường hợp cụ thể và phụ thuộc vào điều kiện hoàn cảnh.",4,4,1,3,3.0
Nợ phải trả gồm những loại nào?,"Nợ phải trả gồm nợ ngắn hạn (dưới 1 năm) và nợ dài hạn (trên 1 năm). Đồng thời, các quy định liên quan có thể được tìm thấy ở các văn bản pháp luật hoặc báo cáo tài chính chi tiết, áp dụng theo từng trường hợp cụ thể và phụ thuộc vào điều kiện hoàn cảnh.",4,5,2,4,3.75
Vốn chủ sở hữu là gì?,"Vốn chủ sở hữu là phần giá trị tài sản còn lại sau khi trừ nợ phải trả, gồm vốn góp, các quỹ, lợi nhuận chưa phân phối. Đồng thời, các quy định liên quan có thể được tìm thấy ở các văn bản pháp luật hoặc báo cáo tài chính chi tiết, áp dụng theo từng trường hợp cụ thể và phụ thuộc vào điều kiện hoàn cảnh.",5,5,3,4,4.25
Báo cáo lưu chuyển tiền tệ có những hoạt động nào?,"Có 3 hoạt động: hoạt động kinh doanh, hoạt động đầu tư và hoạt động tài chính. Đồng thời, các quy định liên quan có thể được tìm thấy ở các văn bản pháp luật hoặc báo cáo tài chính chi tiết, áp dụng theo từng trường hợp cụ thể và phụ thuộc vào điều kiện hoàn cảnh.",4,4,2,5,3.75
Ai có thẩm quyền xử lý vi phạm về bảo vệ dữ liệu cá nhân?,"Bộ Công an là cơ quan đầu mối, các bộ ngành phối hợp; xử lý hành chính theo nghị định chuyên ngành. Đồng thời, các quy định liên quan có thể được tìm thấy ở các văn bản pháp luật hoặc báo cáo tài chính chi tiết, áp dụng theo từng trường hợp cụ thể và phụ thuộc vào điều kiện hoàn cảnh.",4,5,4,3,4.0
Thời hạn lưu trữ dữ liệu cá nhân tối đa là bao nhiêu?,"Thời hạn lưu trữ phải phù hợp với mục đích xử lý và không vượt quá thời hạn do pháp luật quy định, sau đó phải xóa hoặc ẩn danh. Đồng thời, các quy định liên quan có thể được tìm thấy ở các văn bản pháp luật hoặc báo cáo tài chính chi tiết, áp dụng theo từng trường hợp cụ thể và phụ thuộc vào điều kiện hoàn cảnh.",5,5,2,4,4.0
Chi phí tài chính trong BCTC bao gồm gì?,"Chi phí tài chính bao gồm chi phí lãi vay, lỗ tỷ giá, lỗ từ đầu tư tài chính và các chi phí tài chính khác. Đồng thời, các quy định liên quan có thể được tìm thấy ở các văn bản pháp luật hoặc báo cáo tài chính chi tiết, áp dụng theo từng trường hợp cụ thể và phụ thuộc vào điều kiện hoàn cảnh.",3,4,3,4,3.5
EBITDA là gì?,"EBITDA là lợi nhuận trước lãi vay, thuế và khấu hao. Đồng thời, các quy định liên quan có thể được tìm thấy ở các văn bản pháp luật hoặc báo cáo tài chính chi tiết, áp dụng theo từng trường hợp cụ thể và phụ thuộc vào điều kiện hoàn cảnh.",5,5,3,4,4.25
Cơ cấu vốn của công ty được mô tả thế nào?,"Cơ cấu vốn gồm tỷ lệ giữa nợ vay và vốn chủ sở hữu, đo bằng tỷ số D/E. Đồng thời, các quy định liên quan có thể được tìm thấy ở các văn bản pháp luật hoặc báo cáo tài chính chi tiết, áp dụng theo từng trường hợp cụ thể và phụ thuộc vào điều kiện hoàn cảnh.",4,5,3,5,4.25
Quyền rút lại sự đồng ý của chủ thể dữ liệu có hiệu lực khi nào?,"Có hiệu lực ngay sau khi chủ thể dữ liệu thông báo bằng văn bản hoặc phương tiện điện tử cho bên xử lý dữ liệu. Đồng thời, các quy định liên quan có thể được tìm thấy ở các văn bản pháp luật hoặc báo cáo tài chính chi tiết, áp dụng theo từng trường hợp cụ thể và phụ thuộc vào điều kiện hoàn cảnh.",5,4,1,4,3.5
Tiền và tương đương tiền cuối kỳ là bao nhiêu?,"Tiền và tương đương tiền cuối kỳ đạt khoảng 320 tỷ đồng. Đồng thời, các quy định liên quan có thể được tìm thấy ở các văn bản pháp luật hoặc báo cáo tài chính chi tiết, áp dụng theo từng trường hợp cụ thể và phụ thuộc vào điều kiện hoàn cảnh.",4,5,3,4,4.0
Tài sản cố định hữu hình của công ty trị giá bao nhiêu?,"Giá trị còn lại của TSCĐ hữu hình khoảng 480 tỷ đồng. Đồng thời, các quy định liên quan có thể được tìm thấy ở các văn bản pháp luật hoặc báo cáo tài chính chi tiết, áp dụng theo từng trường hợp cụ thể và phụ thuộc vào điều kiện hoàn cảnh.",5,4,1,4,3.5
Tại sao lợi nhuận gộp tăng nhưng lợi nhuận sau thuế lại giảm trong năm?,"Vì chi phí tài chính tăng mạnh (do lãi vay tăng) và chi phí quản lý doanh nghiệp tăng đã làm giảm lợi nhuận sau thuế dù lợi nhuận gộp cải thiện. Đồng thời, các quy định liên quan có thể được tìm thấy ở các văn bản pháp luật hoặc báo cáo tài chính chi tiết, áp dụng theo từng trường hợp cụ thể và phụ thuộc vào điều kiện hoàn cảnh.",4,4,1,4,3.25
"So sánh tốc độ tăng trưởng doanh thu và tốc độ tăng trưởng lợi nhuận, cho biết điều này nói lên điều gì?","Doanh thu tăng 12% nhưng lợi nhuận giảm 8% cho thấy biên lợi nhuận đang co lại, có thể do chi phí đầu vào hoặc chi phí tài chính tăng nhanh hơn. Đồng thời, các quy định liên quan có thể được tìm thấy ở các văn bản pháp luật hoặc báo cáo tài chính chi tiết, áp dụng theo từng trường hợp cụ thể và phụ thuộc vào điều kiện hoàn cảnh.",4,5,2,5,4.0
"Nếu một bên xử lý dữ liệu nước ngoài thu thập dữ liệu công dân Việt Nam, họ cần làm gì?","Phải tuân thủ Nghị định 13: thông báo cho cơ quan có thẩm quyền, lập đánh giá tác động chuyển dữ liệu xuyên biên giới, có cam kết bảo vệ dữ liệu và đăng ký theo quy định. Đồng thời, các quy định liên quan có thể được tìm thấy ở các văn bản pháp luật hoặc báo cáo tài chính chi tiết, áp dụng theo từng trường hợp cụ thể và phụ thuộc vào điều kiện hoàn cảnh.",4,5,3,5,4.25
Vì sao D/E ratio cao có thể là dấu hiệu rủi ro?,"Vì D/E cao cho thấy công ty phụ thuộc nhiều vào nợ vay, dễ bị tổn thương khi lãi suất tăng hoặc dòng tiền yếu đi, dẫn đến rủi ro không thanh toán được nợ. Đồng thời, các quy định liên quan có thể được tìm thấy ở các văn bản pháp luật hoặc báo cáo tài chính chi tiết, áp dụng theo từng trường hợp cụ thể và phụ thuộc vào điều kiện hoàn cảnh.",5,5,2,4,4.0
Hoạt động đầu tư có dòng tiền âm 200 tỷ — điều này nên hiểu thế nào?,"Dòng tiền đầu tư âm thường cho thấy công ty đang mở rộng đầu tư tài sản dài hạn, có thể là tín hiệu tích cực nếu doanh nghiệp đang trong giai đoạn tăng trưởng. Đồng thời, các quy định liên quan có thể được tìm thấy ở các văn bản pháp luật hoặc báo cáo tài chính chi tiết, áp dụng theo từng trường hợp cụ thể và phụ thuộc vào điều kiện hoàn cảnh.",5,5,4,3,4.25
"Một tổ chức xử lý dữ liệu mà không có sự đồng ý hợp lệ, hậu quả pháp lý là gì?","Vi phạm quy định bảo vệ dữ liệu cá nhân, có thể bị xử phạt hành chính, đình chỉ xử lý, yêu cầu xóa dữ liệu và bồi thường thiệt hại; trường hợp nghiêm trọng có thể bị truy cứu trách nhiệm hình sự. Đồng thời, các quy định liên quan có thể được tìm thấy ở các văn bản pháp luật hoặc báo cáo tài chính chi tiết, áp dụng theo từng trường hợp cụ thể và phụ thuộc vào điều kiện hoàn cảnh.",4,4,2,4,3.5
"Nếu lợi nhuận gộp tăng 18% mà chi phí quản lý cũng tăng 22%, hiệu quả vận hành có cải thiện không?","Hiệu quả vận hành không cải thiện vì chi phí quản lý đang tăng nhanh hơn lợi nhuận gộp, làm thu hẹp biên hoạt động. Đồng thời, các quy định liên quan có thể được tìm thấy ở các văn bản pháp luật hoặc báo cáo tài chính chi tiết, áp dụng theo từng trường hợp cụ thể và phụ thuộc vào điều kiện hoàn cảnh.",4,5,1,4,3.5
Vì sao công ty phát hành thêm trái phiếu 300 tỷ trong năm?,"Có thể để tài trợ cho hoạt động mở rộng đầu tư TSCĐ (dòng tiền đầu tư âm 200 tỷ) và đảo nợ lãi suất cao bằng nguồn vốn mới. Đồng thời, các quy định liên quan có thể được tìm thấy ở các văn bản pháp luật hoặc báo cáo tài chính chi tiết, áp dụng theo từng trường hợp cụ thể và phụ thuộc vào điều kiện hoàn cảnh.",5,4,4,4,4.25
"Khi xảy ra rò rỉ dữ liệu, doanh nghiệp phải làm gì theo Nghị định 13?","Phải thông báo cho Bộ Công an trong vòng 72 giờ kể từ khi phát hiện, đồng thời thông báo cho chủ thể dữ liệu bị ảnh hưởng và đưa ra biện pháp khắc phục. Đồng thời, các quy định liên quan có thể được tìm thấy ở các văn bản pháp luật hoặc báo cáo tài chính chi tiết, áp dụng theo từng trường hợp cụ thể và phụ thuộc vào điều kiện hoàn cảnh.",5,4,3,3,3.75
Hệ số thanh toán hiện thời 0.8 phản ánh điều gì?,"Hệ số dưới 1 cho thấy tài sản ngắn hạn không đủ trang trải nợ ngắn hạn, doanh nghiệp có thể gặp khó khăn trong thanh toán nợ đến hạn. Đồng thời, các quy định liên quan có thể được tìm thấy ở các văn bản pháp luật hoặc báo cáo tài chính chi tiết, áp dụng theo từng trường hợp cụ thể và phụ thuộc vào điều kiện hoàn cảnh.",5,5,3,4,4.25
